{"cameraMode":{"drawMode":0,"name":"Shaded","section":"Shading Mode"},"sceneLighting":true,"audioPlay":false,"sceneViewState":{"m_AlwaysRefresh":false,"showFog":true,"showSkybox":true,"showFlares":true,"showImageEffects":true,"showParticleSystems":true,"showVisualEffectGraphs":true,"m_FxEnabled":false},"in2DMode":false,"pivot":{"x":300.0992126464844,"y":1.0777379274368287,"z":92.89754486083985},"rotation":{"x":0.05405868589878082,"y":0.47492727637290957,"z":-0.029244309291243554,"w":0.8778868317604065},"size":216.98391723632813,"orthographic":false}