{"cameraMode":{"drawMode":0,"name":"Shaded","section":"Shading Mode"},"sceneLighting":true,"audioPlay":false,"sceneViewState":{"m_AlwaysRefresh":false,"showFog":true,"showSkybox":true,"showFlares":true,"showImageEffects":true,"showParticleSystems":true,"showVisualEffectGraphs":true,"m_FxEnabled":false},"in2DMode":false,"pivot":{"x":30.789039611816408,"y":65.7419662475586,"z":-72.87809753417969},"rotation":{"x":0.2435348480939865,"y":0.0008700993494130671,"z":-0.0002229132951470092,"w":0.9699299335479736},"size":9.269449234008789,"orthographic":false}