{"cameraMode":{"drawMode":0,"name":"Shaded","section":"Shading Mode"},"sceneLighting":true,"audioPlay":false,"sceneViewState":{"m_AlwaysRefresh":false,"showFog":true,"showSkybox":true,"showFlares":true,"showImageEffects":true,"showParticleSystems":true,"showVisualEffectGraphs":true,"m_FxEnabled":false},"in2DMode":false,"pivot":{"x":16.846574783325197,"y":22.229204177856447,"z":0.8370437622070313},"rotation":{"x":0.0194961316883564,"y":0.017394455149769784,"z":-0.00033894949592649937,"w":0.9996697306632996},"size":43.252838134765628,"orthographic":false}