{"cameraMode":{"drawMode":0,"name":"Shaded","section":"Shading Mode"},"sceneLighting":true,"audioPlay":false,"sceneViewState":{"m_AlwaysRefresh":false,"showFog":true,"showSkybox":true,"showFlares":true,"showImageEffects":true,"showParticleSystems":true,"showVisualEffectGraphs":true,"m_FxEnabled":false},"in2DMode":false,"pivot":{"x":-22.495464324951173,"y":29.60296058654785,"z":56.16728973388672},"rotation":{"x":0.0029989429749548437,"y":0.026396172121167184,"z":-0.00007599854870932177,"w":0.9996731877326965},"size":41.054908752441409,"orthographic":false}